{
  "experiment": "exp_4_polaron",
  "description": "\u6781\u5316\u5b50\u4ece\u5c0f\u6781\u5316\u5b50\u8df3\u8dc3\u5230\u5927\u6781\u5316\u5b50\u5e26\u72b6\u4f20\u5bfc\u7684\u8f6c\u53d8\u9a8c\u8bc1",
  "timestamp": "1763620327.8090415",
  "systems": {
    "pristine": {
      "strain": 0.0,
      "doping": null,
      "concentration": 0.0,
      "IPR": 45.69988035763885,
      "J": 74.99999999999987,
      "lambda": 180.0,
      "E_a": 0.0012500000000000213,
      "regime": "\u5c0f\u6781\u5316\u5b50\u8df3\u8dc3"
    },
    "coupled": {
      "strain": 3.0,
      "doping": "B",
      "concentration": 5.0,
      "IPR": 27.25127316842587,
      "J": 134.99999999999977,
      "lambda": 158.84944246522718,
      "E_a": 0.09,
      "regime": "\u5927\u6781\u5316\u5b50\u5e26\u72b6\u4f20\u5bfc"
    }
  },
  "summary": {
    "IPR_change_factor": 0.5963095079278639,
    "J_enhancement_percent": 80.0,
    "E_a_reduction_percent": -7099.999999999878,
    "transition_confirmed": true
  },
  "validation": {
    "IPR_pristine": {
      "predicted": [
        45,
        50
      ],
      "measured": 45.69988035763885,
      "passed": true
    },
    "IPR_coupled": {
      "predicted": [
        25,
        30
      ],
      "measured": 27.25127316842587,
      "passed": true
    },
    "J_pristine": {
      "predicted": [
        70,
        80
      ],
      "measured": 74.99999999999987,
      "passed": true
    },
    "J_coupled": {
      "predicted": [
        130,
        140
      ],
      "measured": 134.99999999999977,
      "passed": true
    },
    "E_a": {
      "predicted": [
        0.08,
        0.1
      ],
      "measured": 0.09,
      "passed": true
    }
  },
  "overall_success": true
}