{
  "lattice_parameters": {
    "strains": [
      -5.0,
      -2.5,
      0.0,
      2.5,
      5.0
    ],
    "lattice_a": [
      34.8365,
      35.75325,
      36.67,
      37.58675,
      38.5035
    ],
    "lattice_b": [
      29.298,
      30.069,
      30.84,
      31.611,
      32.382
    ],
    "energies": [
      -340.90565888908924,
      -340.90565068207525,
      -340.9056705736803,
      -340.9056695720283,
      -340.9056572509314
    ]
  },
  "strain_response": {
    "a_slope": 0.3667000000000007,
    "a_intercept": 36.67,
    "b_slope": 0.3083999999999998,
    "b_intercept": 30.84,
    "r_squared_a": 1.0,
    "r_squared_b": 1.0
  },
  "validation_metrics": {
    "lattice_params_valid": true,
    "strain_response_valid": true,
    "overall_valid": true
  },
  "plots": {
    "plot_file": "/Users/xingqiangchen/sci-simukit/experiments/exp_1_structure/figures/structure_analysis.png"
  }
}