{
  "strains": [
    -5.0,
    -4.0,
    -3.0,
    -2.0,
    -1.0,
    0.0,
    1.0,
    2.0,
    3.0,
    4.0,
    5.0
  ],
  "mobility_pristine": [
    5.779999999999999,
    5.984,
    6.188,
    6.3919999999999995,
    6.596,
    6.8,
    7.004,
    7.208,
    7.412,
    7.6160000000000005,
    7.819999999999999
  ],
  "mobility_B": [
    8.4,
    9.2,
    10.1,
    11.0,
    12.6,
    14.2,
    16.8,
    18.3,
    17.5,
    16.2,
    15.9
  ],
  "mobility_N": [
    6.2,
    7.1,
    8.0,
    8.9,
    9.4,
    10.8,
    12.5,
    14.7,
    13.8,
    12.9,
    13.1
  ],
  "mobility_P": [
    7.8,
    8.5,
    9.3,
    10.2,
    11.2,
    12.8,
    14.5,
    16.8,
    15.9,
    15.1,
    14.5
  ],
  "mobility_BN": [
    9.2,
    10.8,
    12.5,
    14.2,
    15.8,
    17.5,
    19.2,
    21.4,
    20.1,
    18.8,
    17.9
  ],
  "max_mobility": 21.4,
  "enhancement_factor": 3.0
}