{
  "strains": [
    -5.0,
    -4.0,
    -3.0,
    -2.0,
    -1.0,
    0.0,
    1.0,
    2.0,
    3.0,
    4.0,
    5.0
  ],
  "mobility_pristine": [
    7.544014245903369,
    7.6145207096486445,
    8.111306561430208,
    8.634908956922407,
    8.368753987582998,
    8.629758912915245,
    9.434763844652217,
    9.452230418745872,
    9.342157684219515,
    9.906768013075789,
    9.86597469215626
  ],
  "mobility_B": [
    9.10403107392892,
    9.64258868146981,
    9.322265926602661,
    9.705024650246088,
    10.380063741227707,
    10.571150663899672,
    11.295524199778582,
    11.255092777343636,
    11.430058889599414,
    12.619694630676467,
    12.438517109854038
  ],
  "mobility_N": [
    8.894258461406375,
    8.759775544135962,
    9.337085182642443,
    9.846876776912959,
    9.781501926773307,
    10.552709405503702,
    10.573008393024358,
    10.978891875062017,
    11.199088016331181,
    12.248483455352682,
    12.001950832578618
  ],
  "mobility_P": [
    7.817186721313231,
    8.668363473630956,
    8.342446905008694,
    9.058459078501425,
    8.694998962836067,
    9.171544185330472,
    9.916158370760737,
    10.365739973998624,
    10.482710484356993,
    10.68370551528353,
    10.915168891323212
  ],
  "mobility_BN": [
    9.539693402889771,
    10.119646737481586,
    10.549758368712064,
    11.357436667865676,
    11.495735486870537,
    11.21608795339118,
    12.194575190818439,
    12.334175315875106,
    12.598973399908214,
    13.33790288665226,
    13.816049856748785
  ]
}