{
  "strains": [
    -5.0,
    -4.0,
    -3.0,
    -2.0,
    -1.0,
    0.0,
    1.0,
    2.0,
    3.0,
    4.0,
    5.0
  ],
  "band_gaps_pristine": [
    2.225,
    2.136,
    2.049,
    1.964,
    1.881,
    1.8,
    1.7209999999999999,
    1.6440000000000001,
    1.569,
    1.496,
    1.4249999999999998
  ],
  "band_gaps_B": [
    2.15,
    2.09,
    2.03,
    1.97,
    1.9100000000000001,
    1.85,
    1.79,
    1.7300000000000002,
    1.6700000000000002,
    1.61,
    1.55
  ],
  "band_gaps_N": [
    2.22,
    2.1300000000000003,
    2.0400000000000005,
    1.95,
    1.86,
    1.77,
    1.68,
    1.59,
    1.5,
    1.41,
    1.32
  ]
}