{
  "strains": [
    -5.0,
    -4.0,
    -3.0,
    -2.0,
    -1.0,
    0.0,
    1.0,
    2.0,
    3.0,
    4.0,
    5.0
  ],
  "band_gaps_pristine": [
    2.225,
    2.136,
    2.049,
    1.964,
    1.881,
    1.8,
    1.7209999999999999,
    1.6440000000000001,
    1.569,
    1.496,
    1.4249999999999998
  ],
  "band_gaps_B": [
    2.275,
    2.186,
    2.0989999999999998,
    2.014,
    1.931,
    1.85,
    1.771,
    1.6940000000000002,
    1.619,
    1.546,
    1.4749999999999999
  ],
  "band_gaps_N": [
    2.1950000000000003,
    2.1060000000000003,
    2.019,
    1.934,
    1.851,
    1.77,
    1.6909999999999998,
    1.614,
    1.539,
    1.466,
    1.3949999999999998
  ]
}