{
  "epochs": [
    0,
    1,
    2,
    3,
    4,
    5,
    6,
    7,
    8,
    9,
    10,
    11,
    12,
    13,
    14,
    15,
    16,
    17,
    18,
    19,
    20,
    21,
    22,
    23,
    24,
    25,
    26,
    27,
    28,
    29,
    30,
    31,
    32,
    33,
    34,
    35,
    36,
    37,
    38,
    39,
    40,
    41,
    42,
    43,
    44,
    45,
    46,
    47,
    48,
    49
  ],
  "train_loss": [
    102.4656400595581,
    92.89000471479305,
    84.5511953220836,
    76.04581700738163,
    69.53377105250995,
    62.83388398378716,
    56.55860373210008,
    51.839228181895166,
    47.701914694955136,
    42.63905295450493,
    39.57026594505124,
    33.97723581776308,
    32.53037244340782,
    29.296702837520346,
    26.510192718927712,
    24.358896403110734,
    21.19586734216509,
    20.158516461354708,
    18.708445107914528,
    17.695808944634265,
    15.274393214524448,
    13.841396023851598,
    12.829437314441119,
    12.483585431131413,
    11.236170883771093,
    9.94361976050636,
    9.683991537990066,
    8.769090048648996,
    8.565328757788242,
    7.151295458702046,
    6.81487576348751,
    6.308866162789701,
    5.344462923770561,
    5.8363768786562895,
    5.467854632122553,
    5.02229507055308,
    4.615078678041682,
    3.764667276008731,
    4.02675452423388,
    3.8528338863170544,
    3.430425254262608,
    3.5766246843431206,
    3.7015831104550396,
    4.299948851825358,
    3.315022896722763,
    3.2396748491856124,
    2.967960616580275,
    1.950142102520061,
    2.8097177671773945,
    2.774773412062947
  ],
  "val_loss": [
    109.47059368998823,
    97.35404012195086,
    88.70796694705498,
    80.25814375581618,
    71.9486624036465,
    67.09997752143852,
    60.72676821602219,
    55.27428245573244,
    48.952031268472474,
    46.31204972151179,
    40.00586047276762,
    37.92094946333857,
    35.87775675142921,
    30.323409208466774,
    27.939643030186463,
    26.008387907655244,
    23.296353866145854,
    20.441239280684236,
    19.91123364311141,
    17.354862047395798,
    17.089078684352483,
    14.622385579176058,
    15.374279152059088,
    12.400575957025405,
    11.767735882423773,
    11.76973862940511,
    9.314034259357893,
    9.738546785357027,
    9.93077077907383,
    6.991451518273776,
    7.875349265451558,
    7.438072486722308,
    7.4054897151503,
    5.383172008427736,
    4.947828055366817,
    6.088278511836961,
    5.606578595552267,
    5.296364559662337,
    5.126089612494969,
    4.081380924546669,
    4.608945041045891,
    4.474588895823876,
    3.5030544317290646,
    5.417318305196903,
    4.168187026551616,
    2.7134018387533234,
    4.0806856400935905,
    2.6752587594962036,
    3.9937911231410648,
    4.208767685652979
  ],
  "r2_score": 0.975,
  "features": [
    "Strain",
    "B conc.",
    "N conc.",
    "Bond length",
    "Coordination",
    "P conc.",
    "Angle"
  ],
  "importance": [
    0.35,
    0.25,
    0.2,
    0.08,
    0.06,
    0.04,
    0.02
  ]
}