{
  "optimal_strain": 3.775510204081632,
  "optimal_doping": 5.3061224489795915,
  "optimal_mobility": 11.962240423326085,
  "experimental_points": [
    [
      0,
      0
    ],
    [
      2.5,
      5
    ],
    [
      5,
      7.5
    ],
    [
      -2.5,
      2.5
    ]
  ]
}