{
  "doping_concentrations": {
    "pristine": {
      "concentrations": [
        0.025,
        0.05,
        0.075
      ],
      "binding_energies": [
        1.4001414188839834,
        1.2298453918905952,
        1.257638181874438
      ],
      "total_energies": [
        -328.18,
        -328.18,
        -328.18
      ],
      "avg_binding_energy": 1.2958749975496724,
      "binding_energy_std": 0.07459546347765648
    },
    "B": {
      "concentrations": [
        0.025,
        0.05,
        0.075
      ],
      "binding_energies": [
        1.5252702699134921,
        1.602950587286735,
        1.5610033476611782
      ],
      "total_energies": [
        -328.305,
        -328.43,
        -328.555
      ],
      "avg_binding_energy": 1.563074734953802,
      "binding_energy_std": 0.03174666293002528
    },
    "N": {
      "concentrations": [
        0.025,
        0.05,
        0.075
      ],
      "binding_energies": [
        1.4467822176006435,
        1.607630212895426,
        1.5080776213958393
      ],
      "total_energies": [
        -328.255,
        -328.33,
        -328.40500000000003
      ],
      "avg_binding_energy": 1.520830017297303,
      "binding_energy_std": 0.06628215998546591
    },
    "P": {
      "concentrations": [
        0.025,
        0.05,
        0.075
      ],
      "binding_energies": [
        1.4533393455954207,
        1.416613240611057,
        1.6701467323251198
      ],
      "total_energies": [
        -328.23,
        -328.28000000000003,
        -328.33
      ],
      "avg_binding_energy": 1.5133664395105324,
      "binding_energy_std": 0.11186970652832824
    }
  },
  "binding_energies": {
    "mean": 1.4732865473278274,
    "std": 0.1293097498989074,
    "min": 1.2298453918905952,
    "max": 1.6701467323251198,
    "range_valid": true
  },
  "chemical_states": {
    "pristine": {
      "oxidation_state": "+1",
      "coordination": "interstitial",
      "stability": "stable"
    },
    "B": {
      "oxidation_state": "+1",
      "coordination": "interstitial",
      "stability": "stable"
    },
    "N": {
      "oxidation_state": "+1",
      "coordination": "interstitial",
      "stability": "stable"
    },
    "P": {
      "oxidation_state": "+1",
      "coordination": "interstitial",
      "stability": "stable"
    }
  },
  "uniformity_analysis": {
    "pristine": {
      "uniformity_score": 0.9424362198370162,
      "is_uniform": true
    },
    "B": {
      "uniformity_score": 0.979689606504347,
      "is_uniform": true
    },
    "N": {
      "uniformity_score": 0.9564171148441315,
      "is_uniform": true
    },
    "P": {
      "uniformity_score": 0.9260789035572177,
      "is_uniform": true
    }
  },
  "validation_metrics": {
    "concentration_valid": true,
    "binding_energy_valid": true,
    "chemical_state_valid": true,
    "uniformity_valid": true,
    "overall_valid": true
  },
  "plots": {
    "plot_file": "/Users/xingqiangchen/sci-simukit/experiments/exp_2_doping/figures/doping_analysis.png"
  }
}