{
  "doping_concentrations": {
    "pristine": {
      "concentrations": [
        0.025,
        0.05,
        0.075
      ],
      "binding_energies": [
        0.0,
        0.0,
        0.0
      ],
      "total_energies": [
        -340.90592020170715,
        -340.9059202017061,
        -340.9059202016978
      ],
      "avg_binding_energy": 0.0,
      "binding_energy_std": 0.0
    },
    "B": {
      "concentrations": [
        0.025,
        0.05,
        0.075
      ],
      "binding_energies": [
        158.98628086648395,
        238.41984438260323,
        317.8166057072784
      ],
      "total_energies": [
        -335.06319921142807,
        -332.14402815868766,
        -329.2262095807348
      ],
      "avg_binding_energy": 238.4075769854552,
      "binding_energy_std": 64.84220917028685
    },
    "N": {
      "concentrations": [
        0.025,
        0.05,
        0.075
      ],
      "binding_energies": [
        230.25814921737333,
        345.94596434716425,
        461.0845846632344
      ],
      "total_energies": [
        -349.3678712221538,
        -353.61938035925976,
        -357.8507066727385
      ],
      "avg_binding_energy": 345.7628994092573,
      "binding_energy_std": 94.23458657251483
    },
    "P": {
      "concentrations": [
        0.025,
        0.05,
        0.075
      ],
      "binding_energies": [
        31.31277166016833,
        47.06561371632881,
        54.94706395697586
      ],
      "total_energies": [
        -342.0566596695756,
        -342.63557415475293,
        -342.92521622011793
      ],
      "avg_binding_energy": 44.441816444490996,
      "binding_energy_std": 9.825415247730808
    }
  },
  "binding_energies": {
    "mean": 209.53743094640117,
    "std": 141.2192547062553,
    "min": 31.31277166016833,
    "max": 461.0845846632344,
    "range_valid": true
  },
  "chemical_states": {
    "B": {
      "oxidation_state": "+1",
      "coordination": "substitutional",
      "stability": "stable"
    },
    "N": {
      "oxidation_state": "-1",
      "coordination": "substitutional",
      "stability": "stable"
    },
    "P": {
      "oxidation_state": "-1",
      "coordination": "substitutional",
      "stability": "stable"
    }
  },
  "uniformity_analysis": {
    "B": {
      "uniformity_score": 0.7280195118368962,
      "is_uniform": true
    },
    "N": {
      "uniformity_score": 0.7274589415651116,
      "is_uniform": true
    },
    "P": {
      "uniformity_score": 0.7789150841752157,
      "is_uniform": true
    }
  },
  "validation_metrics": {
    "concentration_valid": true,
    "binding_energy_valid": true,
    "chemical_state_valid": true,
    "uniformity_valid": true,
    "overall_valid": true
  },
  "plots": {
    "plot_file": "/Users/xingqiangchen/sci-simukit/experiments/exp_2_doping/figures/doping_analysis.png"
  }
}